{"train_Loss": 1.7959926580510488, "val_Loss": 1.7204539845459652, "_timestamp": 1672892143.5292308, "_runtime": 189.52886080741882, "_step": 10, "_wandb": {"runtime": 44}}