{"train_Loss": 0.5774890646046283, "val_Loss": 0.49067452812896056, "_timestamp": 1674742790.2817795, "_runtime": 7947.300697565079, "_step": 300, "graph_losses_HOMOLUMO": {"_type": "image-file", "sha256": "9f1ebf67ef8009f67ccce3ebb64d1320a2ce4657d6bb308e4fd4a97747b79284", "size": 25499, "path": "media/images/graph_losses_HOMOLUMO_300_9f1ebf67ef8009f67ccc.png", "format": "png", "width": 1200, "height": 400}, "test_Loss": 0.6440533711106813}