{"train_Loss": 0.5666089543482152, "val_Loss": 0.4917503005831781, "_timestamp": 1674730524.691031, "_runtime": 221.00586199760437, "_step": 39, "_wandb": {"runtime": 242}}